Rk,School,City State,From,To,Yrs,G,W,L,W-L%,SRS,SOS,AP,CREG,CTRN,NCAA,FF,NC
1,Abilene Christian,Abilene Texas,1971,2023,13,366,200,166,0.546,-8.68,-6.38,0,0,2,2,0,0
2,Air Force,USAF Academy Colorado,1958,2023,66,1787,775,1012,0.434,-2.87,1.17,0,1,0,4,0,0
3,Akron,Akron Ohio,1902,2023,72,1656,984,672,0.594,-0.05,-1.35,0,9,5,5,0,0
4,Alabama,Tuscaloosa Alabama,1913,2023,110,2829,1744,1084,0.617,7.81,4.85,16,11,8,23,0,0
5,Alabama A&M,Normal Alabama,2000,2023,24,661,251,410,0.38,-16.82,-11.04,0,1,1,1,0,0
6,Alabama State,Montgomery Alabama,1983,2023,41,1185,554,631,0.468,-13.39,-9.83,0,4,4,4,0,0
7,Albany (NY),Albany New York,2000,2023,24,713,349,364,0.489,-7.1,-5.91,0,2,5,5,0,0
8,Alcorn State,Alcorn State Mississippi,1978,2023,46,1335,578,757,0.433,-13.29,-8.43,0,11,6,6,0,0
9,Allegheny Gators,Meadville Pennsylvania,1896,1916,21,234,191,41,0.823,,,0,0,0,,,
10,American,Washington D.C.,1967,2023,57,1581,773,808,0.489,-5.73,-3.87,0,7,3,3,0,0
11,Amherst,Amherst Massachusetts,1901,1902,2,12,12,0,1,,,0,0,0,,,
12,Appalachian State,Boone North Carolina,1974,2023,50,1455,716,739,0.492,-5.73,-3.31,0,10,3,3,0,0
13,Arizona,Tucson Arizona,1905,2023,116,2823,1864,958,0.661,9.37,5.09,28,25,8,36,4,1
14,Arizona State,Tempe Arizona,1912,2023,108,2639,1400,1239,0.531,5.15,4.03,7,8,0,16,0,0
15,Arkansas,Fayetteville Arkansas,1924,2023,100,2750,1766,984,0.642,7.95,3.25,18,26,7,34,6,1
16,Arkansas State,State University Arkansas,1971,2023,53,1512,776,736,0.513,-3.71,-2.95,0,7,1,1,0,0
17,Arkansas-Pine Bluff,Pine Bluff Arkansas,1999,2023,25,731,212,519,0.29,-19.09,-7.55,0,0,1,1,0,0
18,Armstrong Pirates,Savannah Georgia,1987,1987,1,28,6,22,0.214,-21.6,-4.78,0,0,0,0,0,0
19,Army,West Point New York,1903,2023,121,2576,1279,1297,0.497,-9.14,-4.65,0,0,0,0,0,0
20,Auburn,Auburn Alabama,1906,2023,117,2667,1437,1229,0.539,5.96,4.3,9,5,2,11,1,0
21,Augusta State Jaguars,Augusta Georgia,1985,1991,7,197,64,133,0.325,-17.3,-7.99,0,0,0,0,0,0
22,Augustana (IL) Vikings,Rock Island Illinois,1902,1917,12,116,81,35,0.698,,,0,0,0,,,
23,Austin Peay,Clarksville Tennessee,1964,2023,60,1703,853,850,0.501,-5.6,-3.36,1,8,5,7,0,0
24,Baker University Wildcats,Baldwin City Kansas,1903,1908,6,90,62,28,0.689,,,0,0,0,,,
25,Baldwin-Wallace Yellow Jackets,Berea Ohio,1948,1953,6,139,82,57,0.59,-4.46,1.83,0,0,0,0,0,0
26,Ball State,Muncie Indiana,1972,2023,52,1504,796,708,0.529,-1.06,-0.82,1,12,7,7,0,0
27,Baltimore Super Bees,Baltimore Maryland,1979,1983,5,133,46,87,0.346,-13.75,-6.44,0,0,0,0,0,0
28,Baylor,Waco Texas,1907,2023,117,2824,1437,1387,0.509,2.52,2.7,9,7,0,14,3,1
29,Bellarmine,Louisville Kentucky,2021,2023,3,62,36,26,0.581,-4.35,-0.62,0,0,1,0,0,0
30,Belmont,Nashville Tennessee,2000,2023,24,738,496,242,0.672,1.51,-3.49,0,14,8,8,0,0
31,Beloit,Beloit Wisconsin,1911,1924,8,95,66,28,0.702,,,0,0,0,,,
32,Bethune-Cookman,Daytona Beach Florida,1981,2023,42,1222,445,777,0.364,-16.59,-9.56,0,2,0,0,0,0
33,Binghamton,Binghamton New York,2002,2023,22,627,224,403,0.357,-11.29,-5.51,0,1,1,1,0,0
34,Birmingham-Southern Panthers,Birmingham Alabama,1920,2006,5,105,65,40,0.619,-5.44,-8.72,0,1,0,0,0,0
35,Bloomsburg Huskies,Bloomsburg Pennsylvania,1896,1911,15,143,88,55,0.615,,,0,0,0,,,
36,Boise State,Boise Idaho,1972,2023,52,1513,852,661,0.563,0.89,-0.35,1,7,6,8,0,0
37,Boston College,Chestnut Hill Massachusetts,1946,2023,78,2174,1178,996,0.542,3.1,3.22,8,6,2,18,0,0
38,Boston University,Boston Massachusetts,1916,2023,97,2225,1146,1079,0.515,-6.65,-5.37,0,8,7,7,0,0
39,Bowling Green State,Bowling Green Ohio,1916,2023,108,2666,1437,1229,0.539,-0.64,-0.02,2,9,0,4,0,0
40,Bradley,Peoria Illinois,1903,2023,119,2971,1725,1246,0.581,4.7,2.92,12,7,4,9,2,0
41,Brigham Young,Provo Utah,1903,2023,121,3025,1901,1124,0.628,7.79,3.66,12,25,3,30,0,0
42,Brigham Young College,Logan Utah,1908,1908,1,11,10,1,0.909,,,0,0,0,,,
43,Brooklyn Bulldogs,Brooklyn New York,1934,1992,25,567,233,334,0.411,-19.22,-9.63,0,0,0,0,0,0
44,Brown,Providence Rhode Island,1901,2023,117,2636,1075,1561,0.408,-10.78,-4.59,0,1,0,2,0,0
45,Bryant,Smithfield Rhode Island,2011,2023,13,370,154,216,0.416,-8.82,-5.35,0,1,1,1,0,0
46,Bucknell,Lewisburg Pennsylvania,1896,2023,128,2763,1481,1282,0.536,-8.28,-6.82,0,18,8,8,0,0
47,Buffalo,Buffalo New York,1907,2023,54,1299,671,628,0.517,-4.3,-2.13,1,5,4,4,0,0
48,Butler,Indianapolis Indiana,1897,2023,125,2838,1647,1191,0.58,2.09,3.3,8,13,7,16,2,0
49,Cal Poly,San Luis Obispo California,1995,2023,29,822,316,506,0.384,-7.35,-1.81,0,1,1,1,0,0
50,Cal State Bakersfield,Bakersfield California,2011,2023,13,377,184,193,0.488,-4.29,-2.41,0,1,1,1,0,0
51,Cal State Fullerton,Fullerton California,1975,2023,49,1399,666,733,0.476,-2.07,-0.41,0,2,4,4,0,0
52,Cal State Los Angeles Golden Eagles,Los Angeles California,1971,1975,5,130,70,60,0.538,-1.89,1.34,0,0,0,1,0,0
53,Cal State Northridge,Northridge California,1991,2023,33,954,401,553,0.42,-5.88,-1.94,0,3,2,2,0,0
54,California,Berkeley California,1908,2023,114,2903,1656,1247,0.57,6.85,6.08,5,14,0,19,3,1
55,California Baptist,Riverside California,2019,2023,5,126,72,54,0.571,-2.96,-4.69,0,0,0,0,0,0
56,Campbell,Buies Creek North Carolina,1978,2023,46,1307,555,752,0.425,-11.95,-6.89,0,2,1,1,0,0
57,Canisius,Buffalo New York,1904,2023,119,2656,1338,1318,0.504,-3.85,-1.75,1,8,1,4,0,0
58,Canterbury College,Danville Indiana,1931,1931,1,19,19,0,1,,,0,0,0,,,
59,Carleton College Knights,Northfield Minnesota,1910,1934,25,360,280,80,0.778,,,0,0,0,,,
60,Carnegie Mellon Tartans,Pittsburgh Pennsylvania,1933,1939,7,87,40,47,0.46,,,0,2,0,0,0,0
61,Case Western Reserve Spartans,Cleveland Ohio,1898,1955,13,245,95,150,0.388,-18.31,-2.69,0,0,0,0,0,0
62,Catholic Cardinals,Washington D.C.,1913,1981,13,248,122,126,0.492,-15.98,-6.69,0,0,0,1,0,0
63,Centenary (LA) Gents,Shreveport Louisiana,1960,2011,52,1435,637,798,0.444,-8.73,-3.97,1,1,1,0,0,0
64,Central Arkansas,Conway Arkansas,2011,2023,13,367,113,254,0.308,-13.93,-4.72,0,0,0,0,0,0
65,Central Connecticut State,New Britain Connecticut,1987,2023,37,1052,408,644,0.388,-12.9,-7.34,0,3,3,3,0,0
66,Central Florida,Orlando Florida,1985,2023,39,1139,577,562,0.507,-3.16,-2.11,0,1,4,5,0,0
67,Central Michigan,Mount Pleasant Michigan,1974,2023,50,1416,618,798,0.436,-4.2,-0.53,0,8,2,4,0,0
68,Central Missouri,Warrensburg Missouri,1913,1937,10,178,140,38,0.787,,,0,0,0,,,
69,Central Pennsylvania College Knights,Summerdale Pennsylvania,1896,1900,4,6,2,4,0.333,,,0,0,0,,,
70,Centre (KY) Colonels,Danville Kentucky,1910,1919,3,45,41,4,0.911,,,0,0,0,,,
71,Charleston Southern,Charleston South Carolina,1975,2023,49,1380,561,819,0.407,-13.19,-6.88,0,4,4,1,0,0
72,Charlotte,Charlotte North Carolina,1973,2023,51,1491,814,677,0.546,3.23,1.83,2,6,5,11,1,0
73,Chattanooga,Chattanooga Tennessee,1978,2023,46,1392,843,549,0.606,-2.19,-3.31,1,20,12,12,0,0
74,Cheyenne Business College,Cheyenne Wyoming,1903,1903,1,1,1,0,1,,,0,0,0,,,
75,Chicago Maroons,Chicago Illinois,1896,1946,46,862,419,443,0.486,,,0,6,0,0,0,0
76,Chicago State,Chicago Illinois,1985,2023,39,1101,282,819,0.256,-15.65,-2.01,0,0,1,0,0,0
77,Cincinnati,Cincinnati Ohio,1902,2023,122,2924,1869,1055,0.639,11.42,5.04,25,25,12,33,6,2
78,City College of New York,New York New York,1906,1953,48,725,517,208,0.713,-0.07,2.71,0,1,0,2,2,1
79,Clemson,Clemson South Carolina,1912,2023,112,2731,1385,1344,0.508,5.5,4.15,6,1,1,13,0,0
80,Cleveland State,Cleveland Ohio,1973,2023,51,1477,737,740,0.499,-3.47,-1.84,0,6,3,3,0,0
81,Coastal Carolina,Conway South Carolina,1987,2023,37,1088,560,528,0.515,-8.02,-6.2,0,7,5,4,0,0
82,Colgate,Hamilton New York,1901,2023,123,2777,1348,1429,0.485,-10.34,-5.69,0,7,5,5,0,0
83,College of Charleston,Charleston South Carolina,1992,2023,32,966,658,308,0.681,1.33,-3.57,2,13,4,5,0,0
84,College of New Jersey Lions,Ewing New Jersey,1900,1900,1,5,3,2,0.6,,,0,0,0,,,
85,Colorado,Boulder Colorado,1902,2023,120,2633,1387,1246,0.527,5.45,6.01,6,19,1,15,2,0
86,Colorado College Tigers,Colorado Springs Colorado,1915,1937,23,376,233,143,0.62,,,0,7,0,,,
87,Colorado School of Mines Orediggers,Golden Colorado,1908,1937,28,282,80,202,0.284,,,0,2,0,,,
88,Colorado State,Fort Collins Colorado,1902,2023,119,2636,1336,1300,0.507,3.02,2.33,1,6,1,11,0,0
89,Columbia,New York New York,1901,2023,123,2682,1314,1368,0.49,-7.96,-5.13,2,13,0,3,0,0
90,Concordia Seminary Preachers,St. Louis Missouri,1907,1923,2,16,14,2,0.875,,,0,0,0,,,
91,Connecticut,Storrs Connecticut,1901,2023,117,2708,1721,987,0.636,7,1.2,17,27,8,34,5,4
92,Coppin State,Baltimore Maryland,1986,2023,38,1125,509,616,0.452,-10.75,-7.75,0,11,4,4,0,0
93,Cornell,Ithaca New York,1899,2023,125,2762,1289,1473,0.467,-7.65,-4.53,0,8,0,5,0,0
94,Cotner College,Lincoln Nebraska,1910,1911,2,27,24,3,0.889,,,0,0,0,,,
95,Creighton,Omaha Nebraska,1912,2023,103,2686,1637,1049,0.609,4.29,3.54,6,16,12,23,0,0
96,Cumberland,Lebanon Tennessee,1904,1904,1,4,4,0,1,,,0,0,0,,,
97,Dakota Wesleyan Tigers,Mitchell South Dakota,1932,1932,1,20,19,1,0.95,,,0,0,0,,,
98,Dartmouth,Hanover New Hampshire,1900,2023,123,2892,1330,1560,0.46,-10.74,-5.05,0,12,0,7,2,0
99,Davidson,Davidson North Carolina,1909,2023,114,2772,1523,1249,0.549,-2.57,-2.77,6,25,13,15,0,0
100,Dayton,Dayton Ohio,1904,2023,118,2860,1715,1145,0.6,7.02,3.2,8,6,2,18,1,0
101,Delaware,Newark Delaware,1906,2023,82,1978,985,992,0.498,-8.33,-5.88,0,4,6,6,0,0
102,Delaware State,Dover Delaware,1974,2023,50,1413,542,871,0.384,-16.88,-9.76,0,3,1,1,0,0
103,Denison Big Red,Granville Ohio,1905,1944,24,362,269,93,0.743,,,0,0,0,0,0,0
104,Denver,Denver Colorado,1904,2023,100,2165,967,1198,0.447,-4.24,-1.04,0,4,0,0,0,0
105,DePaul,Chicago Illinois,1924,2023,100,2579,1506,1073,0.584,6.02,5.81,12,2,0,22,2,0
106,DePauw Tigers,Greencastle Indiana,1916,1932,17,276,182,94,0.659,,,0,0,0,,,
107,Detroit Mercy,Detroit Michigan,1910,2023,114,2739,1453,1286,0.53,-0.06,0.97,2,2,3,6,0,0
108,Dickinson College Red Devils,Carlisle Pennsylvania,1926,1947,2,34,30,4,0.882,,,0,0,0,0,0,0
109,Drake,Des Moines Iowa,1907,2023,117,2830,1320,1510,0.466,1.28,2.81,5,9,1,5,1,0
110,Drexel,Philadelphia Pennsylvania,1895,2023,53,1443,788,655,0.546,-3.28,-4.27,0,7,5,5,0,0
111,Duke,Durham North Carolina,1906,2023,118,3165,2252,913,0.712,16.26,6.66,50,23,26,44,17,5
112,Duquesne,Pittsburgh Pennsylvania,1914,2023,107,2610,1443,1167,0.553,1.95,1.87,7,2,1,5,1,0
113,East Carolina,Greenville North Carolina,1967,2023,57,1600,703,897,0.439,-4.51,-1.08,0,0,2,2,0,0
114,East Central Tigers,Ada Oklahoma,1929,1931,3,74,66,8,0.892,,,0,0,0,,,
115,East Tennessee State,Johnson City Tennessee,1959,2023,65,1840,1008,832,0.548,-4.02,-3.41,1,11,10,10,0,0
116,Eastern Illinois,Charleston Illinois,1982,2023,42,1212,544,668,0.449,-7.98,-4.27,0,0,3,2,0,0
117,Eastern Kentucky,Richmond Kentucky,1948,2023,73,1953,961,992,0.492,-4.77,-2.74,0,8,5,8,0,0
118,Eastern Michigan,Ypsilanti Michigan,1933,2023,51,1476,692,784,0.469,-3.56,-0.37,0,5,4,4,0,0
119,Eastern Washington,Cheney Washington,1984,2023,40,1148,508,640,0.443,-5.98,-2.34,0,4,3,3,0,0
120,Elon,Elon North Carolina,2000,2023,24,709,299,410,0.422,-8.5,-3.42,0,2,0,0,0,0
121,Emporia State Hornets,Emporia Kansas,1934,1934,1,18,17,1,0.944,,,0,0,0,,,
122,Ensign College,Salt Lake City Utah,1903,1903,1,16,15,1,0.938,,,0,0,0,,,
123,Evansville,Evansville Indiana,1925,2023,50,1400,733,667,0.524,0.67,0.99,0,6,4,5,0,0
124,Fairfield,Fairfield Connecticut,1965,2023,59,1672,806,866,0.482,-4.55,-2.99,0,3,3,3,0,0
125,Fairleigh Dickinson,Teaneck New Jersey,1968,2023,56,1552,733,819,0.472,-10.22,-6.95,0,6,6,6,0,0
126,Florida,Gainesville Florida,1921,2023,102,2645,1490,1154,0.564,8,4.99,15,9,4,23,5,2
127,Florida A&M,Tallahassee Florida,1980,2023,44,1267,488,779,0.385,-15.78,-8.61,0,0,4,3,0,0
128,Florida Atlantic,Boca Raton Florida,1994,2023,30,867,334,533,0.385,-7.89,-3.2,0,1,1,1,0,0
129,Florida Gulf Coast,Fort Myers Florida,2011,2023,13,394,226,168,0.574,-2.3,-3.31,0,3,3,3,0,0
130,Florida International,Miami Florida,1988,2023,36,1048,426,622,0.406,-8,-3.42,0,1,1,1,0,0
131,Florida State,Tallahassee Florida,1957,2023,67,1956,1164,792,0.595,7.47,5,12,3,2,18,1,0
132,Fordham,Bronx New York,1903,2023,119,2988,1551,1437,0.519,-2.76,-0.27,1,4,3,4,0,0
133,Franklin Grizzlies,Franklin Indiana,1907,1925,18,221,144,77,0.652,,,0,0,0,,,
134,Fresno State,Fresno California,1956,2023,56,1664,933,731,0.561,2.4,1.74,1,6,5,6,0,0
135,Furman,Greenville South Carolina,1920,2023,102,2587,1309,1278,0.506,-5.63,-3.99,0,6,6,6,0,0
136,Gardner-Webb,Boiling Springs North Carolina,2003,2023,21,632,296,336,0.468,-7.34,-4.43,0,1,1,1,0,0
137,Geneva Golden Tornadoes,Beaver Falls Pennsylvania,1893,1943,10,125,80,45,0.64,,,0,0,0,0,0,0
138,George Mason,Fairfax Virginia,1979,2023,45,1328,711,617,0.535,-1.08,-1.36,0,4,4,6,1,0
139,George Washington,Washington D.C.,1913,2023,106,2585,1382,1203,0.535,0.09,-0.19,3,7,5,11,0,0
140,Georgetown,Washington D.C.,1907,2023,115,2821,1710,1111,0.606,6.69,3.93,20,11,8,31,5,1
141,Georgia,Athens Georgia,1906,2023,118,2833,1464,1369,0.517,3.87,4.89,5,3,3,12,1,0
142,Georgia Southern,Statesboro Georgia,1972,2023,52,1494,764,730,0.511,-6.96,-5.13,0,7,3,3,0,0
143,Georgia State,Atlanta Georgia,1974,2023,50,1437,650,787,0.452,-6.83,-3.75,0,8,6,6,0,0
144,Georgia Tech,Atlanta Georgia,1920,2023,104,2690,1416,1274,0.526,5.61,5.17,8,3,5,17,2,0
145,Gettysburg,Gettysburg Pennsylvania,1901,1973,41,724,385,339,0.532,-15.94,-9.75,0,0,0,0,0,0
146,Gonzaga,Spokane Washington,1944,2023,72,2108,1399,709,0.664,4.17,0.08,15,27,20,24,2,0
147,Grambling,Grambling Louisiana,1978,2023,46,1290,488,802,0.378,-16.96,-9.09,0,3,0,0,0,0
148,Grand Canyon,Phoenix Arizona,2014,2023,10,287,181,106,0.631,0.53,-3.36,0,1,1,1,0,0
149,Green Bay,Green Bay Wisconsin,1982,2023,42,1253,669,584,0.534,-1.49,-1.28,0,4,4,5,0,0
150,Grinnell Pioneers,Grinnell Iowa,1901,1939,38,550,280,270,0.509,,,0,0,0,0,0,0
151,Grove City Wolverines,Grove City Pennsylvania,1899,1925,27,383,257,126,0.671,,,0,0,0,,,
152,Hamline,St. Paul Minnesota,1945,1948,4,102,82,20,0.804,,,0,0,0,0,0,0
153,Hampton,Hampton Virginia,1996,2023,28,834,427,407,0.512,-9.65,-8.43,0,4,6,6,0,0
154,Hardin-Simmons Cowboys,Abilene Texas,1923,1990,45,1149,481,668,0.419,-11.07,-5.69,0,1,0,2,0,0
155,Hartford,West Hartford Connecticut,1985,2023,39,1136,484,652,0.426,-9.48,-5.5,0,0,1,1,0,0
156,Harvard,Boston Massachusetts,1901,2023,112,2545,1192,1353,0.468,-8.06,-4.89,0,7,0,5,0,0
157,Haskell (KS) Fighting Indians,Lawrence Kansas,1903,1908,2,39,27,12,0.692,,,0,0,0,,,
158,Hawaii,Honolulu Hawaii,1971,2023,53,1524,808,716,0.53,1.93,1.55,1,3,4,5,0,0
159,High Point,High Point North Carolina,2000,2023,24,701,332,369,0.474,-8.78,-5.93,0,4,0,0,0,0
160,Hiram Terriers,Hiram Ohio,1894,1904,8,59,45,14,0.763,,,0,0,0,,,
161,Hofstra,Hempstead New York,1943,2023,58,1660,867,793,0.522,-5.6,-4.22,0,9,6,4,0,0
162,Holy Cross,Worcester Massachusetts,1901,2023,103,2492,1431,1061,0.574,-2.45,-3.78,6,6,7,13,2,1
163,Hope Flying Dutchmen,Holland Michigan,1908,1913,5,65,44,21,0.677,,,0,0,0,,,
164,Houston,Houston Texas,1951,2023,73,2146,1313,833,0.612,6.51,2.87,12,7,8,23,6,0
165,Houston Christian,Houston Texas,1974,2023,29,810,325,485,0.401,-12.28,-5.9,0,2,1,1,0,0
166,Howard,Washington D.C.,1974,2023,50,1398,544,854,0.389,-14.91,-9.41,0,4,3,2,0,0
167,Idaho,Moscow Idaho,1906,2023,118,2939,1364,1573,0.464,-4.55,-1.26,1,7,4,4,0,0
168,Idaho State,Pocatello Idaho,1959,2023,65,1778,774,1004,0.435,-6.62,-2.74,0,4,2,5,0,0
169,Illinois,Champaign Illinois,1906,2023,118,2903,1861,1042,0.641,13.16,7.67,29,18,3,32,5,0
170,Illinois State,Normal Illinois,1899,2023,64,1638,961,677,0.587,3.08,1.58,0,6,4,6,0,0
171,Illinois Wesleyan,Bloomington Illinois,1928,1928,1,14,13,1,0.929,,,0,0,0,,,
172,Illinois-Chicago,Chicago Illinois,1982,2023,42,1249,600,649,0.48,-3.23,-1.62,0,2,2,3,0,0
173,Incarnate Word,San Antonio Texas,2014,2023,10,265,109,156,0.411,-13.45,-6.31,0,0,0,0,0,0
174,Indiana,Bloomington Indiana,1901,2023,123,2986,1892,1094,0.634,13.98,7.94,28,22,0,40,8,5
175,Indiana State,Terre Haute Indiana,1900,2023,101,2262,1166,1096,0.515,-0.11,1.73,1,2,3,4,1,0
176,Iona,New Rochelle New York,1954,2023,70,1904,1074,830,0.564,-3.8,-3.53,1,12,13,15,0,0
177,Iowa,Iowa City Iowa,1893,2023,126,2931,1726,1204,0.589,11.5,7.26,21,8,3,28,3,0
178,Iowa State,Ames Iowa,1908,2023,116,2794,1415,1379,0.506,6.93,6.41,10,6,6,21,1,0
179,IUPUI,Indianapolis Indiana,1999,2023,25,740,330,410,0.446,-6.95,-2.95,0,1,1,1,0,0
180,Jackson State,Jackson Mississippi,1978,2023,46,1349,632,717,0.468,-11.2,-8.59,0,7,4,3,0,0
181,Jacksonville,Jacksonville Florida,1967,2023,57,1621,799,822,0.493,-3.57,-2.01,2,2,2,5,1,0
182,Jacksonville State,Jacksonville Alabama,1996,2023,28,810,363,447,0.448,-8.69,-6.06,0,1,1,2,0,0
183,James Madison,Harrisonburg Virginia,1977,2023,47,1374,699,675,0.509,-2.06,-2.27,0,8,3,5,0,0
184,John Carroll Blue Streaks,University Heights Ohio,1948,1955,8,191,80,111,0.419,-9.27,-0.2,0,0,0,0,0,0
185,Kalamazoo Hornets,Kalamazoo Michigan,1908,1923,16,193,134,59,0.694,,,0,0,0,,,
186,Kansas,Lawrence Kansas,1899,2023,125,3241,2363,878,0.729,15.81,7.24,47,63,16,50,16,4
187,Kansas City,Kansas City Missouri,1990,2023,34,985,424,561,0.43,-6.66,-2.92,0,0,0,0,0,0
188,Kansas State,Manhattan Kansas,1906,2023,118,2909,1697,1212,0.583,10.28,6.27,16,19,2,31,4,0
189,Kennesaw State,Kennesaw Georgia,2010,2023,14,404,107,297,0.265,-12.7,-2.97,0,0,0,0,0,0
190,Kent State,Kent Ohio,1914,2023,104,2499,1247,1252,0.499,-1.67,-0.28,0,9,6,6,0,0
191,Kentucky,Lexington Kentucky,1903,2023,120,3099,2359,739,0.761,17.65,6.7,54,56,33,60,17,8
192,Kentucky Wesleyan Panthers,Owensboro Kentucky,1957,1958,2,52,30,22,0.577,-4.61,-2.27,0,0,0,0,0,0
193,La Salle,Philadelphia Pennsylvania,1932,2023,92,2456,1411,1045,0.575,2.53,0.66,6,9,8,12,2,1
194,Lafayette,Easton Pennsylvania,1901,2023,113,2686,1372,1314,0.511,-8.14,-6.79,0,18,3,4,0,0
195,Lake Forest Foresters,Lake Forest Illinois,1905,1916,12,144,89,55,0.618,,,0,0,0,,,
196,Lamar,Beaumont Texas,1970,2023,54,1550,777,773,0.501,-5.32,-4.05,0,9,4,6,0,0
197,Lawrence,Appleton Wisconsin,1948,1948,1,28,22,6,0.786,,,0,0,0,0,0,0
198,Lehigh,Bethlehem Pennsylvania,1902,2023,122,2606,1139,1467,0.437,-12.9,-7.4,0,4,5,5,0,0
199,Lewis Flyers,Romeoville Illinois,1905,1905,1,25,20,5,0.8,,,0,0,0,,,
200,Liberty,Lynchburg Virginia,1989,2023,35,1058,532,526,0.503,-8.5,-6.41,0,6,6,5,0,0
201,Lindenwood,St. Charles Missouri,2023,2023,1,8,3,5,0.375,-10.92,-0.35,0,0,0,0,0,0
202,Lipscomb,Nashville Tennessee,2004,2023,20,597,315,282,0.528,-5.38,-4.24,0,3,1,1,0,0
203,Little Rock,Little Rock Arkansas,1979,2023,45,1322,719,603,0.544,-3.74,-3.48,0,13,5,5,0,0
204,Long Beach State,Long Beach California,1970,2023,54,1585,856,729,0.54,0.74,1.11,5,15,5,9,0,0
205,Long Island University,Brooklyn New York,1929,2023,78,2073,1153,918,0.557,-9.49,-6.29,1,9,6,7,0,0
206,Longwood,Farmville Virginia,2008,2023,16,485,182,303,0.375,-13.46,-5.43,0,1,1,1,0,0
207,Louisiana,Lafayette Louisiana,1972,2023,52,1487,863,624,0.58,0.5,-1.23,2,10,7,10,0,0
208,Louisiana State,Baton Rouge Louisiana,1909,2023,115,2849,1630,1219,0.572,5.97,4.46,13,12,1,24,4,0
209,Louisiana Tech,Ruston Louisiana,1974,2023,50,1483,870,613,0.587,0.14,-1.56,1,11,6,5,0,0
210,Louisiana-Monroe,Monroe Louisiana,1974,2023,50,1450,744,706,0.513,-5.2,-4.28,0,10,8,7,0,0
211,Louisville,Louisville Kentucky,1912,2023,109,2863,1895,968,0.662,13.07,6.52,35,23,17,43,10,3
212,Loyola (IL),Chicago Illinois,1921,2023,102,2588,1397,1191,0.54,0.16,1.47,6,7,4,8,2,1
213,Loyola (LA) Wolfpack,New Orleans Louisiana,1952,1972,20,499,237,262,0.475,-6.42,0.29,0,0,0,2,0,0
214,Loyola (MD),Baltimore Maryland,1908,2023,79,1823,831,992,0.456,-9.07,-4.79,0,0,2,2,0,0
215,Loyola Marymount,Los Angeles California,1943,2023,76,2079,908,1171,0.437,-3.86,0.49,2,3,2,5,0,0
216,Macalester Scots,St. Paul Minnesota,1896,1899,4,21,8,13,0.381,,,0,0,0,,,
217,Maine,Orono Maine,1904,2023,79,1875,820,1055,0.437,-12.21,-7.22,0,0,0,0,0,0
218,Manchester Spartans,North Manchester Indiana,1926,1926,1,16,15,1,0.938,,,0,0,0,,,
219,Manhattan,Riverdale New York,1905,2023,117,2710,1411,1299,0.521,-3.73,-2.61,0,13,5,8,0,0
220,Marietta Pioneers,Marietta Ohio,1908,1920,13,175,109,66,0.623,,,0,0,0,,,
221,Marist,Poughkeepsie New York,1982,2023,42,1212,530,682,0.437,-7.5,-5.68,0,5,2,2,0,0
222,Marquette,Milwaukee Wisconsin,1917,2023,106,2736,1688,1048,0.617,9.15,4.79,22,3,1,34,3,1
223,Marshall,Huntington West Virginia,1919,2023,99,2554,1456,1096,0.571,-0.79,-1.31,1,6,4,6,0,0
224,Maryland,College Park Maryland,1924,2023,100,2698,1625,1073,0.602,10.23,5.35,24,7,4,29,2,1
225,Maryland-Baltimore County,Baltimore Maryland,1987,2023,37,1067,439,628,0.411,-10.95,-6.48,0,3,2,2,0,0
226,Maryland-Eastern Shore,Princess Anne Maryland,1974,2023,43,1221,352,869,0.288,-19.6,-9.09,0,1,1,0,0,0
227,Massachusetts,Amherst Massachusetts,1926,2023,64,1815,986,829,0.543,0.85,-0.14,5,15,5,9,1,0
228,Massachusetts Institute of Technology Engineers,Cambridge Massachusetts,1909,1909,1,16,10,6,0.625,,,0,0,0,,,
229,Massachusetts-Lowell,Lowell Massachusetts,1906,2023,11,289,132,157,0.457,-8.5,-5.76,0,0,0,0,0,0
230,McNeese State,Lake Charles Louisiana,1974,2023,50,1421,670,751,0.471,-7.7,-4.83,0,6,2,2,0,0
231,Memphis,Memphis Tennessee,1956,2023,68,2043,1365,678,0.668,8.92,3.78,16,18,11,26,3,0
232,Mercer,Macon Georgia,1974,2023,50,1456,701,755,0.481,-7.5,-5.15,0,3,3,3,0,0
233,Merchant Marine Mariners,King's Point New York,1946,1947,2,39,13,26,0.333,,,0,0,0,0,0,0
234,Merrimack,North Andover Massachusetts,2020,2023,4,86,44,42,0.512,-11.18,-4.89,0,1,0,0,0,0
235,Miami (FL),Coral Gables Florida,1949,2023,60,1714,981,733,0.572,3.4,3.44,7,2,1,11,0,0
236,Miami (OH),Oxford Ohio,1906,2023,118,2677,1429,1248,0.534,1.83,0.85,1,18,4,17,0,0
237,Michigan,Ann Arbor Michigan,1918,2023,106,2754,1681,1073,0.61,10.93,7.7,23,15,3,31,8,1
238,Michigan State,East Lansing Michigan,1899,2023,124,2911,1782,1129,0.612,11.77,7.85,25,16,6,35,10,2
239,Middle Tennessee,Murfreesboro Tennessee,1959,2023,65,1836,1012,824,0.551,-3.86,-2.79,0,12,7,9,0,0
240,Millikin Big Blue,Decatur Illinois,1910,1921,12,210,150,60,0.714,,,0,0,0,,,
241,Millsaps Majors,Jackson Mississippi,1911,1921,11,116,59,57,0.509,,,0,0,0,,,
242,Milwaukee,Milwaukee Wisconsin,1974,2023,40,1156,558,598,0.483,-4.02,-1.4,0,4,4,4,0,0
243,Minnesota,Minneapolis Minnesota,1896,2023,128,2962,1694,1266,0.572,9.53,7.49,10,9,0,14,1,0
244,Minnesota A&M Aggies,St. Paul Minnesota,1896,1903,4,30,27,3,0.9,,,0,0,0,,,
245,Mississippi,University Mississippi,1909,2023,113,2729,1363,1364,0.5,2.82,4.43,2,3,2,9,0,0
246,Mississippi State,Mississippi State Mississippi,1909,2023,111,2727,1487,1240,0.545,4.64,4.44,11,12,5,11,1,0
247,Mississippi Valley State,Itta Bena Mississippi,1980,2023,44,1269,483,786,0.381,-15.1,-8.6,0,7,5,5,0,0
248,Missouri,Columbia Missouri,1907,2023,117,2903,1690,1213,0.582,8.78,5.96,14,15,8,28,0,0
249,Missouri State,Springfield Missouri,1983,2023,41,1261,747,514,0.592,4.29,1.1,0,5,3,6,0,0
250,Monmouth,West Long Branch New Jersey,1984,2023,40,1171,563,608,0.481,-7.81,-5.78,0,5,4,4,0,0
251,Montana,Missoula Montana,1912,2023,108,2734,1491,1243,0.545,-2.51,-2.64,0,13,11,12,0,0
252,Montana State,Bozeman Montana,1902,2023,112,2715,1486,1229,0.547,-5.19,-2.69,0,11,3,3,0,0
253,Morehead State,Morehead Kentucky,1956,2023,68,1876,945,931,0.504,-5.75,-3.31,0,9,5,8,0,0
254,Morgan State,Baltimore Maryland,1985,2023,39,1122,421,701,0.375,-14.96,-8.72,0,3,2,2,0,0
255,Morris Brown Wolverines,Atlanta Georgia,2002,2003,2,57,13,44,0.228,-25.81,-6.02,0,0,0,0,0,0
256,Mount St. Mary's,Emmitsburg Maryland,1989,2023,35,1016,443,573,0.436,-8.98,-6.2,0,2,6,6,0,0
257,Mount Union Purple Raiders,Alliance Ohio,1896,1932,37,493,314,179,0.637,,,0,0,0,,,
258,Muhlenberg Mules,Allentown Pennsylvania,1901,1963,56,1064,579,484,0.545,-10.29,-4.31,0,3,0,0,0,0
259,Murray State,Murray Kentucky,1954,2023,70,1985,1267,718,0.638,-0.36,-3.18,3,30,17,18,0,0
260,Muskingum Fighting Muskies,New Concord Ohio,1905,1927,3,48,44,4,0.917,,,0,0,0,,,
261,Navy,Annapolis Maryland,1908,2023,116,2546,1450,1096,0.57,-4.7,-4.02,1,9,6,11,0,0
262,NC State,Raleigh North Carolina,1913,2023,111,2903,1788,1115,0.616,10.97,5.85,17,13,17,27,3,2
263,Nebraska,Lincoln Nebraska,1897,2023,127,2978,1543,1435,0.518,5.66,6.22,2,7,1,7,0,0
264,Nebraska Wesleyan Prairie Wolves,Lincoln Nebraska,1906,1917,12,188,134,54,0.713,,,0,0,0,,,
265,Nevada,Reno Nevada,1913,2023,68,1791,1008,783,0.563,0.74,1.32,4,12,5,9,0,0
266,Nevada-Las Vegas,Las Vegas Nevada,1970,2023,54,1675,1154,521,0.689,9.19,3.14,16,13,11,20,4,1
267,New Hampshire,Durham New Hampshire,1927,2023,71,1802,631,1171,0.35,-14.4,-6.98,0,1,0,0,0,0
268,New Mexico,Albuquerque New Mexico,1900,2023,117,2677,1541,1136,0.576,3.87,2.13,11,12,6,15,0,0
269,New Mexico State,Las Cruces New Mexico,1905,2023,113,2703,1605,1096,0.594,1.43,-0.21,5,21,13,26,1,0
270,New Orleans,New Orleans Louisiana,1976,2023,46,1328,717,611,0.54,-2.94,-2.58,2,8,4,5,0,0
271,New York University Violets,New York New York,1907,1971,65,1184,725,459,0.612,-0.4,-0.08,2,6,0,6,2,0
272,Newberry Wolves,Newberry South Carolina,1921,1921,1,4,2,2,0.5,,,0,0,0,,,
273,Niagara,Niagara University New York,1906,2023,117,2804,1509,1294,0.538,-3.07,-1.84,2,10,2,3,0,0
274,Nicholls State,Thibodaux Louisiana,1981,2023,43,1202,509,693,0.423,-11.6,-5.68,0,5,2,2,0,0
275,NJIT,Newark New Jersey,2010,2023,14,399,185,214,0.464,-10.03,-6.25,0,1,0,0,0,0
276,Norfolk State,Norfolk Virginia,1998,2023,26,778,388,390,0.499,-10.57,-8.22,0,4,3,3,0,0
277,North Alabama,Florence Alabama,2019,2023,5,122,48,74,0.393,-11.86,-5.55,0,0,0,0,0,0
278,North Carolina,Chapel Hill North Carolina,1911,2023,113,3169,2328,841,0.735,15.79,7.06,51,39,26,52,21,6
279,North Carolina A&T,Greensboro North Carolina,1974,2023,50,1445,699,746,0.484,-12.72,-9.3,0,12,14,10,0,0
280,North Carolina Central,Durham North Carolina,2011,2023,13,377,224,153,0.594,-7.3,-7.87,0,4,4,4,0,0
281,North Central Cardinals,Naperville Illinois,1911,1922,8,115,78,37,0.678,,,0,0,0,,,
282,North Dakota,Grand Forks North Dakota,1905,2023,30,582,325,257,0.558,-8.58,-4.29,0,1,3,1,0,0
283,North Dakota State,Fargo North Dakota,1898,2023,44,838,573,265,0.684,-0.9,-2.52,0,4,5,4,0,0
284,North Florida,Jacksonville Florida,2010,2023,14,422,204,218,0.483,-6.56,-1.84,0,3,1,1,0,0
285,North Texas,Denton Texas,1922,2023,68,1859,848,1011,0.456,-4.34,-0.29,0,5,4,4,0,0
286,Northeastern,Boston Massachusetts,1938,2023,60,1627,844,783,0.519,-4.63,-4.09,0,14,9,9,0,0
287,Northeastern Illinois Golden Eagles,Chicago Illinois,1991,1998,8,216,78,138,0.361,-14.9,-6.65,0,0,0,0,0,0
288,Northern Arizona,Flagstaff Arizona,1919,2023,84,1998,896,1102,0.448,-8.14,-2.88,0,6,2,2,0,0
289,Northern Colorado,Greeley Colorado,1911,2023,44,833,449,384,0.539,-4.29,-3.55,0,3,1,1,0,0
290,Northern Illinois,De Kalb Illinois,1927,2023,57,1573,701,872,0.446,-4.23,-1.11,0,4,2,3,0,0
291,Northern Iowa,Cedar Falls Iowa,1981,2023,43,1277,678,599,0.531,1.17,1.66,1,4,6,8,0,0
292,Northern Kentucky,Highland Heights Kentucky,2013,2023,11,315,174,141,0.552,-3.25,-3.59,0,2,3,2,0,0
293,Northwest Missouri State Bearcats,Maryville Missouri,1930,1932,3,97,89,8,0.918,,,0,0,0,,,
294,Northwestern,Evanston Illinois,1905,2023,118,2699,1124,1574,0.417,3.69,7.38,0,2,0,1,0,0
295,Northwestern State,Natchitoches Louisiana,1977,2023,47,1341,589,752,0.439,-9.98,-5.56,0,3,3,3,0,0
296,Notre Dame,Notre Dame Indiana,1897,2023,119,3011,1942,1068,0.645,10,5.73,25,1,1,37,1,0
297,Oakland,Rochester Michigan,2000,2023,24,750,402,348,0.536,-2.01,-1.52,0,4,3,3,0,0
298,Oberlin Yeomen,Oberlin Ohio,1905,1921,7,82,61,21,0.744,,,0,0,0,,,
299,Ohio,Athens Ohio,1908,2023,116,2783,1592,1191,0.572,0.52,-0.3,0,10,7,14,0,0
300,Ohio State,Columbus Ohio,1899,2023,124,2986,1835,1151,0.615,12,7.42,24,22,5,35,11,1
301,Ohio Wesleyan Battling Bishops,Delaware Ohio,1929,1935,2,40,35,5,0.875,,,0,0,0,,,
302,Oklahoma,Norman Oklahoma,1908,2023,116,2868,1745,1123,0.608,9.82,6.58,19,14,7,33,5,0
303,Oklahoma City Chiefs,Oklahoma City Oklahoma,1951,1985,35,948,530,418,0.559,0.46,-0.91,3,0,1,11,0,0
304,Oklahoma State,Stillwater Oklahoma,1908,2023,114,2936,1719,1217,0.585,8.86,5.79,19,19,4,29,6,2
305,Old Dominion,Norfolk Virginia,1977,2023,47,1443,873,570,0.605,3.16,-0.03,0,9,7,12,0,0
306,Omaha,Omaha Nebraska,2013,2023,11,313,135,178,0.431,-7.53,-2.22,0,0,0,0,0,0
307,Oral Roberts,Tulsa Oklahoma,1972,2023,48,1412,794,618,0.562,0.57,-0.74,2,7,6,6,0,0
308,Oregon,Eugene Oregon,1903,2023,118,3133,1735,1397,0.554,6.36,5.96,6,8,5,17,2,1
309,Oregon State,Corvallis Oregon,1902,2023,122,3202,1804,1398,0.563,5.99,5.58,8,12,1,18,2,0
310,Pacific,Stockton California,1938,2023,73,2036,1026,1010,0.504,-1.23,-0.14,1,10,5,9,0,0
311,Penn State,University Park Pennsylvania,1897,2023,127,2758,1528,1229,0.554,2.85,2.35,2,1,1,9,1,0
312,Pennsylvania,Philadelphia Pennsylvania,1897,2023,122,2959,1818,1140,0.615,0.09,-2.92,6,38,1,24,1,0
313,Pepperdine,Malibu California,1944,2023,69,1963,970,993,0.494,-2.15,0.2,1,12,3,13,0,0
314,Phillips Haymakers,Enid Oklahoma,1920,1920,1,3,2,1,0.667,,,0,0,0,,,
315,Pittsburg State Gorillas,Pittsburg Kansas,1927,1931,5,103,86,17,0.835,,,0,0,0,,,
316,Pittsburgh,Pittsburgh Pennsylvania,1906,2023,116,2880,1656,1224,0.575,5.11,4.14,13,11,4,26,1,0
317,Portland,Portland Oregon,1954,2023,70,1961,825,1136,0.421,-5.09,0.8,0,0,1,2,0,0
318,Portland State,Portland Oregon,1973,2023,34,959,468,491,0.488,-5.63,-2.65,0,2,2,2,0,0
319,Prairie View,Prairie View Texas,1981,2023,43,1221,376,845,0.308,-19.76,-8.04,0,4,2,2,0,0
320,Pratt Institute Cannoneers,Brooklyn New York,1934,1934,1,14,8,6,0.571,,,0,0,0,,,
321,Presbyterian,Clinton South Carolina,2011,2023,13,378,128,250,0.339,-13.81,-5.24,0,0,0,0,0,0
322,Princeton,Princeton New Jersey,1901,2023,123,2901,1788,1112,0.617,1.37,-3.63,4,31,1,25,1,0
323,Providence,Providence Rhode Island,1929,2023,74,2118,1299,819,0.613,7.56,4.3,7,1,2,21,2,0
324,Purdue,West Lafayette Indiana,1897,2023,125,2943,1890,1053,0.642,12.22,7.77,24,24,1,33,2,0
325,Purdue-Fort Wayne,Fort Wayne Indiana,2003,2023,21,624,296,328,0.474,-6.08,-2.57,0,2,0,0,0,0
326,Queens (NC),Charlotte North Carolina,2023,2023,1,7,5,2,0.714,-1.29,-2.89,0,0,0,0,0,0
327,Quinnipiac,Hamden Connecticut,1999,2023,25,721,344,377,0.477,-7.79,-6.63,0,1,0,0,0,0
328,Radford,Radford Virginia,1985,2023,39,1146,596,550,0.52,-8.68,-6.83,0,6,3,3,0,0
329,Regis (CO) Rangers,Denver Colorado,1962,1964,3,66,37,29,0.561,-4.78,0.03,0,0,0,0,0,0
330,Rensselaer,Troy New York,1901,1924,4,39,28,11,0.718,,,0,0,0,,,
331,Rhode Island,Kingston Rhode Island,1904,2023,117,2743,1562,1181,0.569,-1.01,-0.57,0,15,2,10,0,0
332,Rice,Houston Texas,1915,2023,109,2653,1163,1490,0.438,-3.49,0.55,0,10,0,4,0,0
333,Richmond,Richmond Virginia,1913,2023,111,2681,1438,1243,0.536,-1.73,-1.26,1,6,7,10,0,0
334,Rider,Lawrenceville New Jersey,1929,2023,60,1680,876,804,0.521,-7.47,-5.86,0,12,3,3,0,0
335,Ripon Red Hawks,Ripon Wisconsin,1902,1922,5,59,46,13,0.78,,,0,0,0,,,
336,Roanoke,Salem Virginia,1912,1919,8,92,67,25,0.728,,,0,0,0,,,
337,Robert Morris,Moon Township Pennsylvania,1977,2023,47,1376,663,713,0.482,-8.92,-6.49,0,11,9,8,0,0
338,Rochester (NY) Yellowjackets,Rochester New York,1910,1944,7,111,74,37,0.667,,,0,0,0,0,0,0
339,Rose-Hulman Fightin' Engineers,Terre Haute Indiana,1898,1898,1,4,2,2,0.5,,,0,0,0,,,
340,Rutgers,New Brunswick New Jersey,1914,2023,109,2549,1299,1250,0.51,-0.34,0.77,2,9,2,8,1,0
341,Sacramento State,Sacramento California,1992,2023,32,886,281,605,0.317,-11.86,-2.98,0,0,0,0,0,0
342,Sacred Heart,Fairfield Connecticut,2000,2023,24,684,266,418,0.389,-11.25,-7.19,0,0,0,0,0,0
343,Saint Francis (PA),Loretto Pennsylvania,1956,2023,68,1834,817,1017,0.445,-9.26,-4.55,0,2,1,1,0,0
344,Saint Joseph's,Philadelphia Pennsylvania,1910,2023,114,2861,1670,1191,0.584,3.62,1.92,6,20,6,21,1,0
345,Saint Louis,St. Louis Missouri,1916,2023,107,2748,1496,1252,0.544,5.26,4,10,7,3,10,0,0
346,Saint Mary's (CA),Moraga California,1910,2023,114,2679,1413,1266,0.527,-0.4,0.5,5,7,4,11,0,0
347,Saint Peter's,Jersey City New Jersey,1966,2023,58,1640,820,820,0.5,-5,-4.08,0,6,4,4,0,0
348,Sam Houston State,Huntsville Texas,1987,2023,37,1081,575,506,0.532,-5.92,-5.01,0,6,2,2,0,0
349,Samford,Birmingham Alabama,1973,2023,51,1451,636,815,0.438,-8.6,-5.17,0,3,2,2,0,0
350,San Diego,San Diego California,1980,2023,44,1265,622,643,0.492,-0.42,0.75,0,2,2,4,0,0
351,San Diego State,San Diego California,1971,2023,53,1575,877,698,0.557,4.22,3.51,5,10,8,14,0,0
352,San Francisco,San Francisco California,1924,2023,96,2497,1449,1048,0.58,2.61,0.72,9,15,1,17,3,2
353,San Jose State,San Jose California,1938,2023,73,1980,780,1200,0.394,-4.41,0.73,0,1,2,2,0,0
354,Santa Clara,Santa Clara California,1909,2023,114,2694,1547,1147,0.574,1.44,0.62,2,11,2,11,1,0
355,Savage School of Physical Education,New York New York,1896,1898,2,8,6,2,0.75,,,0,0,0,,,
356,Savannah State Tigers,Savannah Georgia,2003,2019,17,513,189,324,0.368,-16.73,-5.37,0,2,0,0,0,0
357,Scranton Royals,Scranton Pennsylvania,1948,1948,1,27,7,20,0.259,,,0,0,0,0,0,0
358,Seattle,Seattle Washington,1953,2023,41,1125,666,459,0.592,1.31,-1.23,5,1,0,11,1,0
359,Seton Hall,South Orange New Jersey,1909,2023,110,2695,1574,1120,0.584,3.99,3.73,8,4,3,14,1,0
360,Sewanee Tigers,Sewanee Tennessee,1923,1941,19,248,48,200,0.194,,,0,0,0,0,0,0
361,Siena,Loudonville New York,1939,2023,65,1765,969,796,0.549,-4.08,-3.55,1,11,6,6,0,0
362,South Alabama,Mobile Alabama,1972,2023,52,1505,848,657,0.563,-0.78,-1.58,0,12,5,8,0,0
363,South Carolina,Columbia South Carolina,1909,2023,115,2771,1471,1299,0.531,4.05,3.5,8,7,2,9,1,0
364,South Carolina State,Orangeburg South Carolina,1972,2023,52,1503,714,789,0.475,-13.65,-10.21,0,8,5,5,0,0
365,South Carolina Upstate,Spartanburg South Carolina,2011,2023,13,390,160,230,0.41,-10.28,-4.32,0,0,0,0,0,0
366,South Dakota,Vermillion South Dakota,2011,2023,13,380,198,182,0.521,-4.86,-3.08,0,1,0,0,0,0
367,South Dakota State,Brookings South Dakota,2009,2023,15,465,308,157,0.662,2.32,-2.07,0,8,6,6,0,0
368,South Florida,Tampa Florida,1974,2023,50,1454,656,798,0.451,1.12,3.08,0,1,1,3,0,0
369,Southeast Missouri State,Cape Girardeau Missouri,1992,2023,32,925,384,541,0.415,-8.55,-4.7,0,1,1,1,0,0
370,Southeastern Louisiana,Hammond Louisiana,1981,2023,42,1197,521,676,0.435,-10.85,-6.19,0,5,1,1,0,0
371,Southern,Baton Rouge Louisiana,1978,2023,46,1335,693,642,0.519,-9.97,-9.71,0,8,9,9,0,0
372,Southern California,Los Angeles California,1907,2023,117,2937,1696,1241,0.577,8.12,6.21,11,7,1,20,2,0
373,Southern Illinois,Carbondale Illinois,1968,2023,56,1644,910,734,0.554,2.64,2.02,1,9,5,10,0,0
374,Southern Illinois-Edwardsville,Edwardsville Illinois,2011,2023,13,357,114,243,0.319,-12.03,-4.51,0,0,0,0,0,0
375,Southern Indiana,Evansville Indiana,2023,2023,1,6,3,3,0.5,3.33,3.73,0,0,0,0,0,0
376,Southern Methodist,Dallas Texas,1917,2023,107,2657,1403,1254,0.528,2.74,1.87,5,15,3,12,1,0
377,Southern Mississippi,Hattiesburg Mississippi,1973,2023,51,1483,755,728,0.509,0.53,1.72,1,2,0,3,0,0
378,Southern Utah,Cedar City Utah,1989,2023,35,1003,445,558,0.444,-6.86,-3.5,0,3,3,1,0,0
379,Southwestern (KS),Winfield Kansas,1905,1923,19,289,212,77,0.734,,,0,0,0,,,
380,Southwestern (TX) Pirates,Georgetown Texas,1915,1916,2,10,1,9,0.1,,,0,0,0,,,
381,Springfield,Springfield Massachusetts,1897,1935,30,406,268,138,0.66,,,0,0,0,,,
382,St. Bonaventure,St. Bonaventure New York,1920,2023,103,2491,1424,1067,0.572,2.32,1.55,6,8,2,8,1,0
383,St. Francis (NY),Brooklyn Heights New York,1902,2023,104,2595,1261,1334,0.486,-11.72,-5.64,0,6,0,0,0,0
384,St. John's (NY),Queens New York,1908,2023,116,3028,1957,1071,0.646,8.53,4.97,15,14,3,30,2,0
385,St. John's College (OH),Toledo Ohio,1921,1921,1,15,15,0,1,,,0,0,0,,,
386,St. Lawrence Saints,Canton New York,1902,1914,7,99,70,29,0.707,,,0,0,0,,,
387,St. Thomas (MN),St. Paul Minnesota,2022,2023,2,38,15,23,0.395,-5.19,-3.35,0,0,0,0,0,0
388,Stanford,Stanford California,1914,2023,108,2790,1582,1208,0.567,7.9,6.16,10,11,1,17,2,1
389,Stephen F. Austin,Nacogdoches Texas,1987,2023,37,1063,619,444,0.582,-5.19,-6.41,0,10,5,5,0,0
390,Stetson,DeLand Florida,1972,2023,52,1468,663,805,0.452,-8.15,-4.48,0,0,0,0,0,0
391,Stevens Institute Ducks,Hoboken New Jersey,1917,1920,4,48,37,11,0.771,,,0,0,0,,,
392,Stonehill,Easton Massachusetts,2023,2023,1,8,2,6,0.25,-9.6,1.15,0,0,0,0,0,0
393,Stony Brook,Stony Brook New York,2000,2023,24,710,359,351,0.506,-7.3,-5.41,0,4,1,1,0,0
394,SUNY-Potsdam Bears,Potsdam New York,1910,1913,2,32,22,10,0.688,,,0,0,0,,,
395,Swarthmore Garnet,Swarthmore Pennsylvania,1906,1919,11,133,92,41,0.692,,,0,0,0,,,
396,Syracuse,Syracuse New York,1901,2023,122,3012,2060,952,0.684,9.66,3.99,30,10,5,41,6,1
397,Tarleton State,Stephenville Texas,2021,2023,3,57,27,30,0.474,-1.1,1.08,0,0,0,0,0,0
398,TCU,Fort Worth Texas,1914,2023,110,2722,1277,1445,0.469,0.49,2.03,3,11,0,9,0,0
399,Temple,Philadelphia Pennsylvania,1895,2023,127,3088,1965,1123,0.636,6.36,2.73,9,20,10,33,2,0
400,Tennessee,Knoxville Tennessee,1909,2023,114,2808,1723,1083,0.614,8.92,5.36,14,13,5,24,0,0
401,Tennessee State,Nashville Tennessee,1978,2023,46,1297,550,747,0.424,-8.66,-4.87,0,2,2,2,0,0
402,Tennessee Tech,Cookeville Tennessee,1944,2023,69,1870,904,966,0.483,-6.74,-3.52,0,7,1,2,0,0
403,Tennessee-Martin,Martin Tennessee,1993,2023,31,890,333,557,0.374,-11.32,-4.02,0,3,0,0,0,0
404,Texas,Austin Texas,1906,2023,117,2972,1854,1118,0.624,6.84,3.73,13,25,3,36,3,0
405,Texas A&M,College Station Texas,1913,2023,111,2793,1479,1314,0.53,2.58,2.51,4,12,2,14,0,0
406,Texas A&M-Commerce,Commerce Texas,2023,2023,1,6,2,4,0.333,-5.57,-3.23,0,0,0,0,0,0
407,Texas A&M-Corpus Christi,Corpus Christi Texas,2003,2023,21,624,319,305,0.511,-5.96,-4.63,0,1,2,2,0,0
408,Texas Southern,Houston Texas,1978,2023,46,1356,677,679,0.499,-10.12,-7.87,0,12,10,10,0,0
409,Texas State,San Marcos Texas,1985,2023,39,1122,529,593,0.471,-7.74,-5.33,0,5,2,2,0,0
410,Texas Tech,Lubbock Texas,1926,2023,95,2552,1440,1112,0.564,4.9,2.77,8,13,5,19,1,0
411,Texas Wesleyan Rams,Fort Worth Texas,1948,1948,1,30,19,11,0.633,,,0,0,0,0,0,0
412,Texas-Rio Grande Valley,Edinburg Texas,1969,2023,55,1527,654,873,0.428,-8.44,-2.99,0,0,0,0,0,0
413,The Citadel,Charleston South Carolina,1913,2023,111,2455,1033,1422,0.421,-12.89,-5.44,0,0,0,0,0,0
414,Toledo,Toledo Ohio,1916,2023,108,2638,1522,1116,0.577,1.05,-0.35,2,14,1,4,0,0
415,Towson,Towson Maryland,1980,2023,44,1280,551,729,0.43,-7.29,-4.15,0,5,3,2,0,0
416,Trinity (CT) Bantams,Hartford Connecticut,1897,1911,8,81,28,53,0.346,,,0,0,0,,,
417,Trinity (TX) Tigers,San Antonio Texas,1971,1973,3,70,25,45,0.357,-24.37,-5.64,0,0,0,0,0,0
418,Troy,Troy Alabama,1994,2023,30,876,417,459,0.476,-7.25,-5.02,0,6,2,2,0,0
419,Tulane,New Orleans Louisiana,1906,2023,113,2606,1259,1347,0.483,-0.94,1.22,1,6,0,3,0,0
420,Tulsa,Tulsa Oklahoma,1914,2023,110,2699,1495,1204,0.554,4.89,3.19,5,11,6,16,0,0
421,U.S. International Gulls,San Diego California,1982,1991,10,279,69,210,0.247,-18.06,-5.34,0,0,0,0,0,0
422,UAB,Birmingham Alabama,1980,2023,44,1390,874,516,0.629,6.58,2.2,2,7,6,16,0,0
423,UC Davis,Davis California,2008,2023,16,461,208,253,0.451,-5.41,-2.62,0,2,1,1,0,0
424,UC Irvine,Irvine California,1978,2023,46,1360,686,674,0.504,-0.84,0.27,0,7,2,2,0,0
425,UC Riverside,Riverside California,2002,2023,22,624,233,391,0.373,-7.2,-1.86,0,0,0,0,0,0
426,UC San Diego,La Jolla California,2021,2023,3,53,23,30,0.434,-6.53,-0.8,0,0,0,0,0,0
427,UC Santa Barbara,Santa Barbara California,1964,2023,60,1680,904,776,0.538,-0.25,-0.31,0,5,4,6,0,0
428,UCLA,Los Angeles California,1920,2023,104,2851,1963,888,0.689,15.67,6.97,42,31,4,51,19,11
429,UNC Asheville,Asheville North Carolina,1987,2023,37,1077,519,558,0.482,-9.3,-5.54,0,7,5,4,0,0
430,UNC Greensboro,Greensboro North Carolina,1992,2023,32,956,465,491,0.486,-5.93,-4.02,0,7,4,4,0,0
431,UNC Wilmington,Wilmington North Carolina,1977,2023,47,1371,711,660,0.519,-2.82,-2.31,0,9,6,6,0,0
432,Union (NY) Dutchmen,Schenectady New York,1907,1925,19,266,162,104,0.609,,,0,0,0,,,
433,UT Arlington,Arlington Texas,1969,2023,55,1559,717,842,0.46,-7.91,-4.26,0,3,1,1,0,0
434,Utah,Salt Lake City Utah,1909,2023,115,2917,1863,1054,0.639,8.29,3.76,21,30,5,29,4,1
435,Utah State,Logan Utah,1904,2023,118,2824,1672,1152,0.592,4.25,1.03,5,16,10,22,0,0
436,Utah Tech,St. George Utah,2021,2023,3,59,24,35,0.407,-9.77,-1.49,0,0,0,0,0,0
437,Utah Valley,Orem Utah,2010,2023,14,411,218,193,0.53,-5.07,-4.15,0,4,0,0,0,0
438,UTEP,El Paso Texas,1923,2023,95,2434,1389,1045,0.571,2.79,0.82,4,11,5,17,1,1
439,Utica Pioneers,Utica New York,1982,1987,6,158,64,94,0.405,-12.94,-7.34,0,0,0,0,0,0
440,UTSA,San Antonio Texas,1982,2023,42,1219,605,614,0.496,-5.96,-4.27,0,3,4,4,0,0
441,Valparaiso,Valparaiso Indiana,1918,2023,88,2235,1175,1060,0.526,-4.15,-1.48,0,14,10,9,0,0
442,Vanderbilt,Nashville Tennessee,1901,2023,121,2871,1648,1223,0.574,8.31,5.05,11,3,3,15,0,0
443,Vermont,Burlington Vermont,1921,2023,68,1835,990,845,0.54,-9.63,-6.97,0,13,8,8,0,0
444,Villanova,Villanova Pennsylvania,1921,2023,103,2815,1853,962,0.658,10.43,5.82,26,14,8,41,7,3
445,Virginia,Charlottesville Virginia,1906,2023,118,2896,1699,1196,0.587,7.22,5.57,15,11,3,24,3,1
446,Virginia Commonwealth,Richmond Virginia,1974,2023,50,1513,981,531,0.649,5.46,0.86,3,11,9,18,1,0
447,Virginia Military Institute,Lexington Virginia,1909,2023,115,2527,937,1590,0.371,-12.74,-4.65,1,2,3,3,0,0
448,Virginia Tech,Blacksburg Virginia,1909,2023,115,2781,1524,1257,0.548,4.2,1.63,3,2,2,13,0,0
449,Wabash Little Giants,Crawfordsville Indiana,1897,1925,29,407,301,106,0.74,,,0,0,0,,,
450,Wagner,Staten Island New York,1966,2023,51,1433,703,730,0.491,-9.42,-7.3,0,4,1,1,0,0
451,Wake Forest,Winston-Salem North Carolina,1906,2023,117,2868,1587,1281,0.553,8,6.05,17,4,5,23,1,0
452,Washburn Ichabods,Topeka Kansas,1906,1941,35,557,270,283,0.488,,,0,0,0,0,0,0
453,Washington,Seattle Washington,1896,2023,122,3079,1839,1240,0.597,7.34,6.01,8,12,3,17,1,0
454,Washington & Jefferson Presidents,Washington Pennsylvania,1913,1944,10,128,73,55,0.57,,,0,0,0,0,0,0
455,Washington & Lee Generals,Lexington Virginia,1907,1959,51,905,472,432,0.522,-15.24,-5.6,0,3,2,0,0,0
456,Washington (MO) Bears,St. Louis Missouri,1905,1960,52,921,433,488,0.47,-5.22,-1.75,0,2,0,0,0,0
457,Washington College Shoremen,Chestertown Maryland,1913,1925,13,151,109,42,0.722,,,0,0,0,,,
458,Washington State,Pullman Washington,1902,2023,122,3220,1648,1572,0.512,3.3,4.82,3,2,0,6,1,0
459,Wayne State (MI),Detroit Michigan,1928,1950,5,104,47,57,0.452,,,0,0,0,0,0,0
460,Weber State,Ogden Utah,1964,2023,60,1742,1091,651,0.626,0.03,-2.62,1,22,10,16,0,0
461,Wesleyan (CT) Cardinals,Middletown Connecticut,1896,1913,13,171,97,74,0.567,,,0,0,0,,,
462,West Chester Golden Rams,West Chester Pennsylvania,1899,1982,10,244,86,158,0.352,-17.61,-8.15,0,1,0,0,0,0
463,West Texas A&M Buffaloes,Canyon Texas,1921,1986,54,1275,707,568,0.555,-6.34,-1.64,0,4,0,1,0,0
464,West Virginia,Morgantown West Virginia,1904,2023,114,2971,1833,1138,0.617,7.58,2.86,19,16,13,30,2,0
465,Western Carolina,Cullowhee North Carolina,1977,2023,47,1361,595,766,0.437,-8.49,-3.7,0,3,1,1,0,0
466,Western Colorado Mountaineers,Gunnison Colorado,1924,1937,14,189,88,101,0.466,,,0,0,0,,,
467,Western Illinois,Macomb Illinois,1982,2023,42,1176,484,692,0.412,-8.82,-3.7,0,2,1,0,0,0
468,Western Kentucky,Bowling Green Kentucky,1922,2023,102,2815,1858,957,0.66,3.31,-0.2,11,29,19,23,1,0
469,Western Michigan,Kalamazoo Michigan,1914,2023,110,2639,1362,1276,0.516,-3.2,-0.33,1,11,2,4,0,0
470,Westminster (MO) Blue Jays,Fulton Missouri,1920,1920,1,17,17,0,1,,,0,0,0,,,
471,Westminster (PA),New Wilmington Pennsylvania,1898,1935,21,294,210,84,0.714,,,0,0,0,,,
472,Wheaton (IL) Thunder,Wheaton Illinois,1902,1905,4,57,39,17,0.696,,,0,0,0,,,
473,Whittier Poets,Whittier California,1909,1915,3,42,38,3,0.927,,,0,0,0,,,
474,Wichita State,Wichita Kansas,1906,2023,116,2876,1644,1232,0.572,6.18,3.36,8,12,4,16,2,0
475,Widener Pride,Chester Pennsylvania,1899,1909,5,26,20,6,0.769,,,0,0,0,,,
476,William & Mary,Williamsburg Virginia,1906,2023,118,2724,1269,1455,0.466,-5.58,-2.57,0,3,0,0,0,0
477,Williams,Williamstown Massachusetts,1901,1911,10,161,136,24,0.85,,,0,0,0,,,
478,Winthrop,Rock Hill South Carolina,1987,2023,37,1092,608,484,0.557,-7.02,-6.39,1,12,13,11,0,0
479,Wisconsin,Madison Wisconsin,1899,2023,125,2929,1683,1246,0.575,8.82,7.74,18,20,3,26,4,1
480,Wisconsin-Stevens Point Pointers,Stevens Point Wisconsin,1898,1918,21,156,98,58,0.628,,,0,0,0,,,
481,Wisconsin-Superior Yellowjackets,Superior Wisconsin,1900,1901,2,14,10,4,0.714,,,0,0,0,,,
482,Wittenberg Tigers,Springfield Ohio,1931,1931,1,20,18,2,0.9,,,0,0,0,,,
483,Wofford,Spartanburg South Carolina,1996,2023,28,835,424,411,0.508,-4.61,-2.51,1,4,5,5,0,0
484,Wooster Fighting Scots,Wooster Ohio,1901,1931,31,390,225,165,0.577,,,0,0,0,,,
485,WPI Engineers,Worcester Massachusetts,1920,1920,1,16,14,2,0.875,,,0,0,0,,,
486,Wright State,Dayton Ohio,1988,2023,36,1070,600,470,0.561,-1.3,-2.55,0,4,4,4,0,0
487,Wyoming,Laramie Wyoming,1905,2023,118,2819,1588,1231,0.563,2.68,2.59,4,21,3,16,1,1
488,Xavier,Cincinnati Ohio,1920,2023,102,2633,1572,1061,0.597,5.96,3.87,12,18,9,28,0,0
489,Yale,New Haven Connecticut,1896,2023,128,3029,1527,1499,0.505,-6.1,-4.54,1,15,2,6,0,0
490,Youngstown State,Youngstown Ohio,1948,2023,43,1233,489,744,0.397,-8.12,-3.45,0,0,0,0,0,0
